{"cameraMode":{"drawMode":0,"name":"Shaded","section":"Shading Mode"},"sceneLighting":false,"audioPlay":false,"sceneViewState":{"m_AlwaysRefresh":false,"showFog":true,"showSkybox":false,"showFlares":true,"showImageEffects":true,"showParticleSystems":true,"showVisualEffectGraphs":true,"m_FxEnabled":true},"in2DMode":false,"pivot":{"x":0.31999871134757998,"y":-0.04874398931860924,"z":9.711150169372559},"rotation":{"x":0.1961173117160797,"y":0.002941188169643283,"z":-0.0005935431108810008,"w":0.9805803298950195},"size":9.973979949951172,"orthographic":false}