{"cameraMode":{"drawMode":0,"name":"Shaded","section":"Shading Mode"},"sceneLighting":false,"audioPlay":false,"sceneViewState":{"m_AlwaysRefresh":false,"showFog":true,"showSkybox":false,"showFlares":true,"showImageEffects":true,"showParticleSystems":true,"showVisualEffectGraphs":true,"m_FxEnabled":true},"in2DMode":false,"pivot":{"x":0.14750492572784425,"y":1.9187030792236329,"z":14.021903991699219},"rotation":{"x":0.3531080186367035,"y":-0.005614991765469313,"z":0.0021132510155439378,"w":0.9355678558349609},"size":8.492435455322266,"orthographic":false}